lid,lname,lnum,credit,semester,pid
200001,전남대공개학과데이터분석0001,JNU0001,2,2026-1,2
200002,학사정보시스템0002,JNU0002,3,2026-1,3
200003,수강신청데이터베이스0003,JNU0003,1,2026-1,4
200004,성적관리실습0004,JNU0004,2,2026-1,5
200005,교육데이터마이닝0005,JNU0005,3,2026-1,6
200006,대학행정정보처리0006,JNU0006,1,2026-1,7
200007,공개데이터활용0007,JNU0007,2,2026-1,8
200008,SQL최적화0008,JNU0008,3,2026-1,1
200009,전남대공개학과데이터분석0009,JNU0009,1,2026-1,2
200010,학사정보시스템0010,JNU0010,2,2026-1,3
200011,수강신청데이터베이스0011,JNU0011,3,2026-1,4
200012,성적관리실습0012,JNU0012,1,2026-1,5
200013,교육데이터마이닝0013,JNU0013,2,2026-1,6
200014,대학행정정보처리0014,JNU0014,3,2026-1,7
200015,공개데이터활용0015,JNU0015,1,2026-1,8
200016,SQL최적화0016,JNU0016,2,2026-1,1
200017,전남대공개학과데이터분석0017,JNU0017,3,2026-1,2
200018,학사정보시스템0018,JNU0018,1,2026-1,3
200019,수강신청데이터베이스0019,JNU0019,2,2026-1,4
200020,성적관리실습0020,JNU0020,3,2026-1,5
200021,교육데이터마이닝0021,JNU0021,1,2026-1,6
200022,대학행정정보처리0022,JNU0022,2,2026-1,7
200023,공개데이터활용0023,JNU0023,3,2026-1,8
200024,SQL최적화0024,JNU0024,1,2026-1,1
200025,전남대공개학과데이터분석0025,JNU0025,2,2026-1,2
200026,학사정보시스템0026,JNU0026,3,2026-1,3
200027,수강신청데이터베이스0027,JNU0027,1,2026-1,4
200028,성적관리실습0028,JNU0028,2,2026-1,5
200029,교육데이터마이닝0029,JNU0029,3,2026-1,6
200030,대학행정정보처리0030,JNU0030,1,2026-1,7
200031,공개데이터활용0031,JNU0031,2,2026-1,8
200032,SQL최적화0032,JNU0032,3,2026-1,1
200033,전남대공개학과데이터분석0033,JNU0033,1,2026-1,2
200034,학사정보시스템0034,JNU0034,2,2026-1,3
200035,수강신청데이터베이스0035,JNU0035,3,2026-1,4
200036,성적관리실습0036,JNU0036,1,2026-1,5
200037,교육데이터마이닝0037,JNU0037,2,2026-1,6
200038,대학행정정보처리0038,JNU0038,3,2026-1,7
200039,공개데이터활용0039,JNU0039,1,2026-1,8
200040,SQL최적화0040,JNU0040,2,2026-1,1
200041,전남대공개학과데이터분석0041,JNU0041,3,2026-1,2
200042,학사정보시스템0042,JNU0042,1,2026-1,3
200043,수강신청데이터베이스0043,JNU0043,2,2026-1,4
200044,성적관리실습0044,JNU0044,3,2026-1,5
200045,교육데이터마이닝0045,JNU0045,1,2026-1,6
200046,대학행정정보처리0046,JNU0046,2,2026-1,7
200047,공개데이터활용0047,JNU0047,3,2026-1,8
200048,SQL최적화0048,JNU0048,1,2026-1,1
200049,전남대공개학과데이터분석0049,JNU0049,2,2026-1,2
200050,학사정보시스템0050,JNU0050,3,2026-1,3
200051,수강신청데이터베이스0051,JNU0051,1,2026-1,4
200052,성적관리실습0052,JNU0052,2,2026-1,5
200053,교육데이터마이닝0053,JNU0053,3,2026-1,6
200054,대학행정정보처리0054,JNU0054,1,2026-1,7
200055,공개데이터활용0055,JNU0055,2,2026-1,8
200056,SQL최적화0056,JNU0056,3,2026-1,1
200057,전남대공개학과데이터분석0057,JNU0057,1,2026-1,2
200058,학사정보시스템0058,JNU0058,2,2026-1,3
200059,수강신청데이터베이스0059,JNU0059,3,2026-1,4
200060,성적관리실습0060,JNU0060,1,2026-1,5
200061,교육데이터마이닝0061,JNU0061,2,2026-1,6
200062,대학행정정보처리0062,JNU0062,3,2026-1,7
200063,공개데이터활용0063,JNU0063,1,2026-1,8
200064,SQL최적화0064,JNU0064,2,2026-1,1
200065,전남대공개학과데이터분석0065,JNU0065,3,2026-1,2
200066,학사정보시스템0066,JNU0066,1,2026-1,3
200067,수강신청데이터베이스0067,JNU0067,2,2026-1,4
200068,성적관리실습0068,JNU0068,3,2026-1,5
200069,교육데이터마이닝0069,JNU0069,1,2026-1,6
200070,대학행정정보처리0070,JNU0070,2,2026-1,7
200071,공개데이터활용0071,JNU0071,3,2026-1,8
200072,SQL최적화0072,JNU0072,1,2026-1,1
200073,전남대공개학과데이터분석0073,JNU0073,2,2026-1,2
200074,학사정보시스템0074,JNU0074,3,2026-1,3
200075,수강신청데이터베이스0075,JNU0075,1,2026-1,4
200076,성적관리실습0076,JNU0076,2,2026-1,5
200077,교육데이터마이닝0077,JNU0077,3,2026-1,6
200078,대학행정정보처리0078,JNU0078,1,2026-1,7
200079,공개데이터활용0079,JNU0079,2,2026-1,8
200080,SQL최적화0080,JNU0080,3,2026-1,1
200081,전남대공개학과데이터분석0081,JNU0081,1,2026-1,2
200082,학사정보시스템0082,JNU0082,2,2026-1,3
200083,수강신청데이터베이스0083,JNU0083,3,2026-1,4
200084,성적관리실습0084,JNU0084,1,2026-1,5
200085,교육데이터마이닝0085,JNU0085,2,2026-1,6
200086,대학행정정보처리0086,JNU0086,3,2026-1,7
200087,공개데이터활용0087,JNU0087,1,2026-1,8
200088,SQL최적화0088,JNU0088,2,2026-1,1
200089,전남대공개학과데이터분석0089,JNU0089,3,2026-1,2
200090,학사정보시스템0090,JNU0090,1,2026-1,3
200091,수강신청데이터베이스0091,JNU0091,2,2026-1,4
200092,성적관리실습0092,JNU0092,3,2026-1,5
200093,교육데이터마이닝0093,JNU0093,1,2026-1,6
200094,대학행정정보처리0094,JNU0094,2,2026-1,7
200095,공개데이터활용0095,JNU0095,3,2026-1,8
200096,SQL최적화0096,JNU0096,1,2026-1,1
200097,전남대공개학과데이터분석0097,JNU0097,2,2026-1,2
200098,학사정보시스템0098,JNU0098,3,2026-1,3
200099,수강신청데이터베이스0099,JNU0099,1,2026-1,4
200100,성적관리실습0100,JNU0100,2,2026-1,5
200101,교육데이터마이닝0101,JNU0101,3,2026-1,6
200102,대학행정정보처리0102,JNU0102,1,2026-1,7
200103,공개데이터활용0103,JNU0103,2,2026-1,8
200104,SQL최적화0104,JNU0104,3,2026-1,1
200105,전남대공개학과데이터분석0105,JNU0105,1,2026-1,2
200106,학사정보시스템0106,JNU0106,2,2026-1,3
200107,수강신청데이터베이스0107,JNU0107,3,2026-1,4
200108,성적관리실습0108,JNU0108,1,2026-1,5
200109,교육데이터마이닝0109,JNU0109,2,2026-1,6
200110,대학행정정보처리0110,JNU0110,3,2026-1,7
200111,공개데이터활용0111,JNU0111,1,2026-1,8
200112,SQL최적화0112,JNU0112,2,2026-1,1
200113,전남대공개학과데이터분석0113,JNU0113,3,2026-1,2
200114,학사정보시스템0114,JNU0114,1,2026-1,3
200115,수강신청데이터베이스0115,JNU0115,2,2026-1,4
200116,성적관리실습0116,JNU0116,3,2026-1,5
200117,교육데이터마이닝0117,JNU0117,1,2026-1,6
200118,대학행정정보처리0118,JNU0118,2,2026-1,7
200119,공개데이터활용0119,JNU0119,3,2026-1,8
200120,SQL최적화0120,JNU0120,1,2026-1,1
200121,전남대공개학과데이터분석0121,JNU0121,2,2026-1,2
200122,학사정보시스템0122,JNU0122,3,2026-1,3
200123,수강신청데이터베이스0123,JNU0123,1,2026-1,4
200124,성적관리실습0124,JNU0124,2,2026-1,5
200125,교육데이터마이닝0125,JNU0125,3,2026-1,6
200126,대학행정정보처리0126,JNU0126,1,2026-1,7
200127,공개데이터활용0127,JNU0127,2,2026-1,8
200128,SQL최적화0128,JNU0128,3,2026-1,1
200129,전남대공개학과데이터분석0129,JNU0129,1,2026-1,2
200130,학사정보시스템0130,JNU0130,2,2026-1,3
200131,수강신청데이터베이스0131,JNU0131,3,2026-1,4
200132,성적관리실습0132,JNU0132,1,2026-1,5
200133,교육데이터마이닝0133,JNU0133,2,2026-1,6
200134,대학행정정보처리0134,JNU0134,3,2026-1,7
200135,공개데이터활용0135,JNU0135,1,2026-1,8
200136,SQL최적화0136,JNU0136,2,2026-1,1
200137,전남대공개학과데이터분석0137,JNU0137,3,2026-1,2
200138,학사정보시스템0138,JNU0138,1,2026-1,3
200139,수강신청데이터베이스0139,JNU0139,2,2026-1,4
200140,성적관리실습0140,JNU0140,3,2026-1,5
200141,교육데이터마이닝0141,JNU0141,1,2026-1,6
200142,대학행정정보처리0142,JNU0142,2,2026-1,7
200143,공개데이터활용0143,JNU0143,3,2026-1,8
200144,SQL최적화0144,JNU0144,1,2026-1,1
200145,전남대공개학과데이터분석0145,JNU0145,2,2026-1,2
200146,학사정보시스템0146,JNU0146,3,2026-1,3
200147,수강신청데이터베이스0147,JNU0147,1,2026-1,4
200148,성적관리실습0148,JNU0148,2,2026-1,5
200149,교육데이터마이닝0149,JNU0149,3,2026-1,6
200150,대학행정정보처리0150,JNU0150,1,2026-1,7
200151,공개데이터활용0151,JNU0151,2,2026-1,8
200152,SQL최적화0152,JNU0152,3,2026-1,1
200153,전남대공개학과데이터분석0153,JNU0153,1,2026-1,2
200154,학사정보시스템0154,JNU0154,2,2026-1,3
200155,수강신청데이터베이스0155,JNU0155,3,2026-1,4
200156,성적관리실습0156,JNU0156,1,2026-1,5
200157,교육데이터마이닝0157,JNU0157,2,2026-1,6
200158,대학행정정보처리0158,JNU0158,3,2026-1,7
200159,공개데이터활용0159,JNU0159,1,2026-1,8
200160,SQL최적화0160,JNU0160,2,2026-1,1
200161,전남대공개학과데이터분석0161,JNU0161,3,2026-1,2
200162,학사정보시스템0162,JNU0162,1,2026-1,3
200163,수강신청데이터베이스0163,JNU0163,2,2026-1,4
200164,성적관리실습0164,JNU0164,3,2026-1,5
200165,교육데이터마이닝0165,JNU0165,1,2026-1,6
200166,대학행정정보처리0166,JNU0166,2,2026-1,7
200167,공개데이터활용0167,JNU0167,3,2026-1,8
200168,SQL최적화0168,JNU0168,1,2026-1,1
200169,전남대공개학과데이터분석0169,JNU0169,2,2026-1,2
200170,학사정보시스템0170,JNU0170,3,2026-1,3
200171,수강신청데이터베이스0171,JNU0171,1,2026-1,4
200172,성적관리실습0172,JNU0172,2,2026-1,5
200173,교육데이터마이닝0173,JNU0173,3,2026-1,6
200174,대학행정정보처리0174,JNU0174,1,2026-1,7
200175,공개데이터활용0175,JNU0175,2,2026-1,8
200176,SQL최적화0176,JNU0176,3,2026-1,1
200177,전남대공개학과데이터분석0177,JNU0177,1,2026-1,2
200178,학사정보시스템0178,JNU0178,2,2026-1,3
200179,수강신청데이터베이스0179,JNU0179,3,2026-1,4
200180,성적관리실습0180,JNU0180,1,2026-1,5
200181,교육데이터마이닝0181,JNU0181,2,2026-1,6
200182,대학행정정보처리0182,JNU0182,3,2026-1,7
200183,공개데이터활용0183,JNU0183,1,2026-1,8
200184,SQL최적화0184,JNU0184,2,2026-1,1
200185,전남대공개학과데이터분석0185,JNU0185,3,2026-1,2
200186,학사정보시스템0186,JNU0186,1,2026-1,3
200187,수강신청데이터베이스0187,JNU0187,2,2026-1,4
200188,성적관리실습0188,JNU0188,3,2026-1,5
200189,교육데이터마이닝0189,JNU0189,1,2026-1,6
200190,대학행정정보처리0190,JNU0190,2,2026-1,7
200191,공개데이터활용0191,JNU0191,3,2026-1,8
200192,SQL최적화0192,JNU0192,1,2026-1,1
200193,전남대공개학과데이터분석0193,JNU0193,2,2026-1,2
200194,학사정보시스템0194,JNU0194,3,2026-1,3
200195,수강신청데이터베이스0195,JNU0195,1,2026-1,4
200196,성적관리실습0196,JNU0196,2,2026-1,5
200197,교육데이터마이닝0197,JNU0197,3,2026-1,6
200198,대학행정정보처리0198,JNU0198,1,2026-1,7
200199,공개데이터활용0199,JNU0199,2,2026-1,8
200200,SQL최적화0200,JNU0200,3,2026-1,1
200201,전남대공개학과데이터분석0201,JNU0201,1,2026-1,2
200202,학사정보시스템0202,JNU0202,2,2026-1,3
200203,수강신청데이터베이스0203,JNU0203,3,2026-1,4
200204,성적관리실습0204,JNU0204,1,2026-1,5
200205,교육데이터마이닝0205,JNU0205,2,2026-1,6
200206,대학행정정보처리0206,JNU0206,3,2026-1,7
200207,공개데이터활용0207,JNU0207,1,2026-1,8
200208,SQL최적화0208,JNU0208,2,2026-1,1
200209,전남대공개학과데이터분석0209,JNU0209,3,2026-1,2
200210,학사정보시스템0210,JNU0210,1,2026-1,3
200211,수강신청데이터베이스0211,JNU0211,2,2026-1,4
200212,성적관리실습0212,JNU0212,3,2026-1,5
200213,교육데이터마이닝0213,JNU0213,1,2026-1,6
200214,대학행정정보처리0214,JNU0214,2,2026-1,7
200215,공개데이터활용0215,JNU0215,3,2026-1,8
200216,SQL최적화0216,JNU0216,1,2026-1,1
200217,전남대공개학과데이터분석0217,JNU0217,2,2026-1,2
200218,학사정보시스템0218,JNU0218,3,2026-1,3
200219,수강신청데이터베이스0219,JNU0219,1,2026-1,4
200220,성적관리실습0220,JNU0220,2,2026-1,5
200221,교육데이터마이닝0221,JNU0221,3,2026-1,6
200222,대학행정정보처리0222,JNU0222,1,2026-1,7
200223,공개데이터활용0223,JNU0223,2,2026-1,8
200224,SQL최적화0224,JNU0224,3,2026-1,1
200225,전남대공개학과데이터분석0225,JNU0225,1,2026-1,2
200226,학사정보시스템0226,JNU0226,2,2026-1,3
200227,수강신청데이터베이스0227,JNU0227,3,2026-1,4
200228,성적관리실습0228,JNU0228,1,2026-1,5
200229,교육데이터마이닝0229,JNU0229,2,2026-1,6
200230,대학행정정보처리0230,JNU0230,3,2026-1,7
200231,공개데이터활용0231,JNU0231,1,2026-1,8
200232,SQL최적화0232,JNU0232,2,2026-1,1
200233,전남대공개학과데이터분석0233,JNU0233,3,2026-1,2
200234,학사정보시스템0234,JNU0234,1,2026-1,3
200235,수강신청데이터베이스0235,JNU0235,2,2026-1,4
200236,성적관리실습0236,JNU0236,3,2026-1,5
200237,교육데이터마이닝0237,JNU0237,1,2026-1,6
200238,대학행정정보처리0238,JNU0238,2,2026-1,7
200239,공개데이터활용0239,JNU0239,3,2026-1,8
200240,SQL최적화0240,JNU0240,1,2026-1,1
200241,전남대공개학과데이터분석0241,JNU0241,2,2026-1,2
200242,학사정보시스템0242,JNU0242,3,2026-1,3
200243,수강신청데이터베이스0243,JNU0243,1,2026-1,4
200244,성적관리실습0244,JNU0244,2,2026-1,5
200245,교육데이터마이닝0245,JNU0245,3,2026-1,6
200246,대학행정정보처리0246,JNU0246,1,2026-1,7
200247,공개데이터활용0247,JNU0247,2,2026-1,8
200248,SQL최적화0248,JNU0248,3,2026-1,1
200249,전남대공개학과데이터분석0249,JNU0249,1,2026-1,2
200250,학사정보시스템0250,JNU0250,2,2026-1,3
200251,수강신청데이터베이스0251,JNU0251,3,2026-1,4
200252,성적관리실습0252,JNU0252,1,2026-1,5
200253,교육데이터마이닝0253,JNU0253,2,2026-1,6
200254,대학행정정보처리0254,JNU0254,3,2026-1,7
200255,공개데이터활용0255,JNU0255,1,2026-1,8
200256,SQL최적화0256,JNU0256,2,2026-1,1
200257,전남대공개학과데이터분석0257,JNU0257,3,2026-1,2
200258,학사정보시스템0258,JNU0258,1,2026-1,3
200259,수강신청데이터베이스0259,JNU0259,2,2026-1,4
200260,성적관리실습0260,JNU0260,3,2026-1,5
200261,교육데이터마이닝0261,JNU0261,1,2026-1,6
200262,대학행정정보처리0262,JNU0262,2,2026-1,7
200263,공개데이터활용0263,JNU0263,3,2026-1,8
200264,SQL최적화0264,JNU0264,1,2026-1,1
200265,전남대공개학과데이터분석0265,JNU0265,2,2026-1,2
200266,학사정보시스템0266,JNU0266,3,2026-1,3
200267,수강신청데이터베이스0267,JNU0267,1,2026-1,4
200268,성적관리실습0268,JNU0268,2,2026-1,5
200269,교육데이터마이닝0269,JNU0269,3,2026-1,6
200270,대학행정정보처리0270,JNU0270,1,2026-1,7
200271,공개데이터활용0271,JNU0271,2,2026-1,8
200272,SQL최적화0272,JNU0272,3,2026-1,1
200273,전남대공개학과데이터분석0273,JNU0273,1,2026-1,2
200274,학사정보시스템0274,JNU0274,2,2026-1,3
200275,수강신청데이터베이스0275,JNU0275,3,2026-1,4
200276,성적관리실습0276,JNU0276,1,2026-1,5
200277,교육데이터마이닝0277,JNU0277,2,2026-1,6
200278,대학행정정보처리0278,JNU0278,3,2026-1,7
200279,공개데이터활용0279,JNU0279,1,2026-1,8
200280,SQL최적화0280,JNU0280,2,2026-1,1
200281,전남대공개학과데이터분석0281,JNU0281,3,2026-1,2
200282,학사정보시스템0282,JNU0282,1,2026-1,3
200283,수강신청데이터베이스0283,JNU0283,2,2026-1,4
200284,성적관리실습0284,JNU0284,3,2026-1,5
200285,교육데이터마이닝0285,JNU0285,1,2026-1,6
200286,대학행정정보처리0286,JNU0286,2,2026-1,7
200287,공개데이터활용0287,JNU0287,3,2026-1,8
200288,SQL최적화0288,JNU0288,1,2026-1,1
200289,전남대공개학과데이터분석0289,JNU0289,2,2026-1,2
200290,학사정보시스템0290,JNU0290,3,2026-1,3
200291,수강신청데이터베이스0291,JNU0291,1,2026-1,4
200292,성적관리실습0292,JNU0292,2,2026-1,5
200293,교육데이터마이닝0293,JNU0293,3,2026-1,6
200294,대학행정정보처리0294,JNU0294,1,2026-1,7
200295,공개데이터활용0295,JNU0295,2,2026-1,8
200296,SQL최적화0296,JNU0296,3,2026-1,1
200297,전남대공개학과데이터분석0297,JNU0297,1,2026-1,2
200298,학사정보시스템0298,JNU0298,2,2026-1,3
200299,수강신청데이터베이스0299,JNU0299,3,2026-1,4
200300,성적관리실습0300,JNU0300,1,2026-1,5
200301,교육데이터마이닝0301,JNU0301,2,2026-1,6
200302,대학행정정보처리0302,JNU0302,3,2026-1,7
200303,공개데이터활용0303,JNU0303,1,2026-1,8
200304,SQL최적화0304,JNU0304,2,2026-1,1
200305,전남대공개학과데이터분석0305,JNU0305,3,2026-1,2
200306,학사정보시스템0306,JNU0306,1,2026-1,3
200307,수강신청데이터베이스0307,JNU0307,2,2026-1,4
200308,성적관리실습0308,JNU0308,3,2026-1,5
200309,교육데이터마이닝0309,JNU0309,1,2026-1,6
200310,대학행정정보처리0310,JNU0310,2,2026-1,7
200311,공개데이터활용0311,JNU0311,3,2026-1,8
200312,SQL최적화0312,JNU0312,1,2026-1,1
200313,전남대공개학과데이터분석0313,JNU0313,2,2026-1,2
200314,학사정보시스템0314,JNU0314,3,2026-1,3
200315,수강신청데이터베이스0315,JNU0315,1,2026-1,4
200316,성적관리실습0316,JNU0316,2,2026-1,5
200317,교육데이터마이닝0317,JNU0317,3,2026-1,6
200318,대학행정정보처리0318,JNU0318,1,2026-1,7
200319,공개데이터활용0319,JNU0319,2,2026-1,8
200320,SQL최적화0320,JNU0320,3,2026-1,1
200321,전남대공개학과데이터분석0321,JNU0321,1,2026-1,2
200322,학사정보시스템0322,JNU0322,2,2026-1,3
200323,수강신청데이터베이스0323,JNU0323,3,2026-1,4
200324,성적관리실습0324,JNU0324,1,2026-1,5
200325,교육데이터마이닝0325,JNU0325,2,2026-1,6
200326,대학행정정보처리0326,JNU0326,3,2026-1,7
200327,공개데이터활용0327,JNU0327,1,2026-1,8
200328,SQL최적화0328,JNU0328,2,2026-1,1
200329,전남대공개학과데이터분석0329,JNU0329,3,2026-1,2
200330,학사정보시스템0330,JNU0330,1,2026-1,3
200331,수강신청데이터베이스0331,JNU0331,2,2026-1,4
200332,성적관리실습0332,JNU0332,3,2026-1,5
200333,교육데이터마이닝0333,JNU0333,1,2026-1,6
200334,대학행정정보처리0334,JNU0334,2,2026-1,7
200335,공개데이터활용0335,JNU0335,3,2026-1,8
200336,SQL최적화0336,JNU0336,1,2026-1,1
200337,전남대공개학과데이터분석0337,JNU0337,2,2026-1,2
200338,학사정보시스템0338,JNU0338,3,2026-1,3
200339,수강신청데이터베이스0339,JNU0339,1,2026-1,4
200340,성적관리실습0340,JNU0340,2,2026-1,5
200341,교육데이터마이닝0341,JNU0341,3,2026-1,6
200342,대학행정정보처리0342,JNU0342,1,2026-1,7
200343,공개데이터활용0343,JNU0343,2,2026-1,8
200344,SQL최적화0344,JNU0344,3,2026-1,1
200345,전남대공개학과데이터분석0345,JNU0345,1,2026-1,2
200346,학사정보시스템0346,JNU0346,2,2026-1,3
200347,수강신청데이터베이스0347,JNU0347,3,2026-1,4
200348,성적관리실습0348,JNU0348,1,2026-1,5
200349,교육데이터마이닝0349,JNU0349,2,2026-1,6
200350,대학행정정보처리0350,JNU0350,3,2026-1,7
200351,공개데이터활용0351,JNU0351,1,2026-1,8
200352,SQL최적화0352,JNU0352,2,2026-1,1
200353,전남대공개학과데이터분석0353,JNU0353,3,2026-1,2
200354,학사정보시스템0354,JNU0354,1,2026-1,3
200355,수강신청데이터베이스0355,JNU0355,2,2026-1,4
200356,성적관리실습0356,JNU0356,3,2026-1,5
200357,교육데이터마이닝0357,JNU0357,1,2026-1,6
200358,대학행정정보처리0358,JNU0358,2,2026-1,7
200359,공개데이터활용0359,JNU0359,3,2026-1,8
200360,SQL최적화0360,JNU0360,1,2026-1,1
200361,전남대공개학과데이터분석0361,JNU0361,2,2026-1,2
200362,학사정보시스템0362,JNU0362,3,2026-1,3
200363,수강신청데이터베이스0363,JNU0363,1,2026-1,4
200364,성적관리실습0364,JNU0364,2,2026-1,5
200365,교육데이터마이닝0365,JNU0365,3,2026-1,6
200366,대학행정정보처리0366,JNU0366,1,2026-1,7
200367,공개데이터활용0367,JNU0367,2,2026-1,8
200368,SQL최적화0368,JNU0368,3,2026-1,1
200369,전남대공개학과데이터분석0369,JNU0369,1,2026-1,2
200370,학사정보시스템0370,JNU0370,2,2026-1,3
200371,수강신청데이터베이스0371,JNU0371,3,2026-1,4
200372,성적관리실습0372,JNU0372,1,2026-1,5
200373,교육데이터마이닝0373,JNU0373,2,2026-1,6
200374,대학행정정보처리0374,JNU0374,3,2026-1,7
200375,공개데이터활용0375,JNU0375,1,2026-1,8
200376,SQL최적화0376,JNU0376,2,2026-1,1
200377,전남대공개학과데이터분석0377,JNU0377,3,2026-1,2
200378,학사정보시스템0378,JNU0378,1,2026-1,3
200379,수강신청데이터베이스0379,JNU0379,2,2026-1,4
200380,성적관리실습0380,JNU0380,3,2026-1,5
200381,교육데이터마이닝0381,JNU0381,1,2026-1,6
200382,대학행정정보처리0382,JNU0382,2,2026-1,7
200383,공개데이터활용0383,JNU0383,3,2026-1,8
200384,SQL최적화0384,JNU0384,1,2026-1,1
200385,전남대공개학과데이터분석0385,JNU0385,2,2026-1,2
200386,학사정보시스템0386,JNU0386,3,2026-1,3
200387,수강신청데이터베이스0387,JNU0387,1,2026-1,4
200388,성적관리실습0388,JNU0388,2,2026-1,5
200389,교육데이터마이닝0389,JNU0389,3,2026-1,6
200390,대학행정정보처리0390,JNU0390,1,2026-1,7
200391,공개데이터활용0391,JNU0391,2,2026-1,8
200392,SQL최적화0392,JNU0392,3,2026-1,1
200393,전남대공개학과데이터분석0393,JNU0393,1,2026-1,2
200394,학사정보시스템0394,JNU0394,2,2026-1,3
200395,수강신청데이터베이스0395,JNU0395,3,2026-1,4
200396,성적관리실습0396,JNU0396,1,2026-1,5
200397,교육데이터마이닝0397,JNU0397,2,2026-1,6
200398,대학행정정보처리0398,JNU0398,3,2026-1,7
200399,공개데이터활용0399,JNU0399,1,2026-1,8
200400,SQL최적화0400,JNU0400,2,2026-1,1
200401,전남대공개학과데이터분석0401,JNU0401,3,2026-1,2
200402,학사정보시스템0402,JNU0402,1,2026-1,3
200403,수강신청데이터베이스0403,JNU0403,2,2026-1,4
200404,성적관리실습0404,JNU0404,3,2026-1,5
200405,교육데이터마이닝0405,JNU0405,1,2026-1,6
200406,대학행정정보처리0406,JNU0406,2,2026-1,7
200407,공개데이터활용0407,JNU0407,3,2026-1,8
200408,SQL최적화0408,JNU0408,1,2026-1,1
200409,전남대공개학과데이터분석0409,JNU0409,2,2026-1,2
200410,학사정보시스템0410,JNU0410,3,2026-1,3
200411,수강신청데이터베이스0411,JNU0411,1,2026-1,4
200412,성적관리실습0412,JNU0412,2,2026-1,5
200413,교육데이터마이닝0413,JNU0413,3,2026-1,6
200414,대학행정정보처리0414,JNU0414,1,2026-1,7
200415,공개데이터활용0415,JNU0415,2,2026-1,8
200416,SQL최적화0416,JNU0416,3,2026-1,1
200417,전남대공개학과데이터분석0417,JNU0417,1,2026-1,2
200418,학사정보시스템0418,JNU0418,2,2026-1,3
200419,수강신청데이터베이스0419,JNU0419,3,2026-1,4
200420,성적관리실습0420,JNU0420,1,2026-1,5
200421,교육데이터마이닝0421,JNU0421,2,2026-1,6
200422,대학행정정보처리0422,JNU0422,3,2026-1,7
200423,공개데이터활용0423,JNU0423,1,2026-1,8
200424,SQL최적화0424,JNU0424,2,2026-1,1
200425,전남대공개학과데이터분석0425,JNU0425,3,2026-1,2
200426,학사정보시스템0426,JNU0426,1,2026-1,3
200427,수강신청데이터베이스0427,JNU0427,2,2026-1,4
200428,성적관리실습0428,JNU0428,3,2026-1,5
200429,교육데이터마이닝0429,JNU0429,1,2026-1,6
200430,대학행정정보처리0430,JNU0430,2,2026-1,7
200431,공개데이터활용0431,JNU0431,3,2026-1,8
200432,SQL최적화0432,JNU0432,1,2026-1,1
200433,전남대공개학과데이터분석0433,JNU0433,2,2026-1,2
200434,학사정보시스템0434,JNU0434,3,2026-1,3
200435,수강신청데이터베이스0435,JNU0435,1,2026-1,4
200436,성적관리실습0436,JNU0436,2,2026-1,5
200437,교육데이터마이닝0437,JNU0437,3,2026-1,6
200438,대학행정정보처리0438,JNU0438,1,2026-1,7
200439,공개데이터활용0439,JNU0439,2,2026-1,8
200440,SQL최적화0440,JNU0440,3,2026-1,1
200441,전남대공개학과데이터분석0441,JNU0441,1,2026-1,2
200442,학사정보시스템0442,JNU0442,2,2026-1,3
200443,수강신청데이터베이스0443,JNU0443,3,2026-1,4
200444,성적관리실습0444,JNU0444,1,2026-1,5
200445,교육데이터마이닝0445,JNU0445,2,2026-1,6
200446,대학행정정보처리0446,JNU0446,3,2026-1,7
200447,공개데이터활용0447,JNU0447,1,2026-1,8
200448,SQL최적화0448,JNU0448,2,2026-1,1
200449,전남대공개학과데이터분석0449,JNU0449,3,2026-1,2
200450,학사정보시스템0450,JNU0450,1,2026-1,3
200451,수강신청데이터베이스0451,JNU0451,2,2026-1,4
200452,성적관리실습0452,JNU0452,3,2026-1,5
200453,교육데이터마이닝0453,JNU0453,1,2026-1,6
200454,대학행정정보처리0454,JNU0454,2,2026-1,7
200455,공개데이터활용0455,JNU0455,3,2026-1,8
200456,SQL최적화0456,JNU0456,1,2026-1,1
200457,전남대공개학과데이터분석0457,JNU0457,2,2026-1,2
200458,학사정보시스템0458,JNU0458,3,2026-1,3
200459,수강신청데이터베이스0459,JNU0459,1,2026-1,4
200460,성적관리실습0460,JNU0460,2,2026-1,5
200461,교육데이터마이닝0461,JNU0461,3,2026-1,6
200462,대학행정정보처리0462,JNU0462,1,2026-1,7
200463,공개데이터활용0463,JNU0463,2,2026-1,8
200464,SQL최적화0464,JNU0464,3,2026-1,1
200465,전남대공개학과데이터분석0465,JNU0465,1,2026-1,2
200466,학사정보시스템0466,JNU0466,2,2026-1,3
200467,수강신청데이터베이스0467,JNU0467,3,2026-1,4
200468,성적관리실습0468,JNU0468,1,2026-1,5
200469,교육데이터마이닝0469,JNU0469,2,2026-1,6
200470,대학행정정보처리0470,JNU0470,3,2026-1,7
200471,공개데이터활용0471,JNU0471,1,2026-1,8
200472,SQL최적화0472,JNU0472,2,2026-1,1
200473,전남대공개학과데이터분석0473,JNU0473,3,2026-1,2
200474,학사정보시스템0474,JNU0474,1,2026-1,3
200475,수강신청데이터베이스0475,JNU0475,2,2026-1,4
200476,성적관리실습0476,JNU0476,3,2026-1,5
200477,교육데이터마이닝0477,JNU0477,1,2026-1,6
200478,대학행정정보처리0478,JNU0478,2,2026-1,7
200479,공개데이터활용0479,JNU0479,3,2026-1,8
200480,SQL최적화0480,JNU0480,1,2026-1,1
200481,전남대공개학과데이터분석0481,JNU0481,2,2026-1,2
200482,학사정보시스템0482,JNU0482,3,2026-1,3
200483,수강신청데이터베이스0483,JNU0483,1,2026-1,4
200484,성적관리실습0484,JNU0484,2,2026-1,5
200485,교육데이터마이닝0485,JNU0485,3,2026-1,6
200486,대학행정정보처리0486,JNU0486,1,2026-1,7
200487,공개데이터활용0487,JNU0487,2,2026-1,8
200488,SQL최적화0488,JNU0488,3,2026-1,1
200489,전남대공개학과데이터분석0489,JNU0489,1,2026-1,2
200490,학사정보시스템0490,JNU0490,2,2026-1,3
200491,수강신청데이터베이스0491,JNU0491,3,2026-1,4
200492,성적관리실습0492,JNU0492,1,2026-1,5
200493,교육데이터마이닝0493,JNU0493,2,2026-1,6
200494,대학행정정보처리0494,JNU0494,3,2026-1,7
200495,공개데이터활용0495,JNU0495,1,2026-1,8
200496,SQL최적화0496,JNU0496,2,2026-1,1
200497,전남대공개학과데이터분석0497,JNU0497,3,2026-1,2
200498,학사정보시스템0498,JNU0498,1,2026-1,3
200499,수강신청데이터베이스0499,JNU0499,2,2026-1,4
200500,성적관리실습0500,JNU0500,3,2026-1,5
200501,교육데이터마이닝0501,JNU0501,1,2026-1,6
200502,대학행정정보처리0502,JNU0502,2,2026-1,7
200503,공개데이터활용0503,JNU0503,3,2026-1,8
200504,SQL최적화0504,JNU0504,1,2026-1,1
200505,전남대공개학과데이터분석0505,JNU0505,2,2026-1,2
200506,학사정보시스템0506,JNU0506,3,2026-1,3
200507,수강신청데이터베이스0507,JNU0507,1,2026-1,4
200508,성적관리실습0508,JNU0508,2,2026-1,5
200509,교육데이터마이닝0509,JNU0509,3,2026-1,6
200510,대학행정정보처리0510,JNU0510,1,2026-1,7
200511,공개데이터활용0511,JNU0511,2,2026-1,8
200512,SQL최적화0512,JNU0512,3,2026-1,1
200513,전남대공개학과데이터분석0513,JNU0513,1,2026-1,2
200514,학사정보시스템0514,JNU0514,2,2026-1,3
200515,수강신청데이터베이스0515,JNU0515,3,2026-1,4
200516,성적관리실습0516,JNU0516,1,2026-1,5
200517,교육데이터마이닝0517,JNU0517,2,2026-1,6
200518,대학행정정보처리0518,JNU0518,3,2026-1,7
200519,공개데이터활용0519,JNU0519,1,2026-1,8
200520,SQL최적화0520,JNU0520,2,2026-1,1
200521,전남대공개학과데이터분석0521,JNU0521,3,2026-1,2
200522,학사정보시스템0522,JNU0522,1,2026-1,3
200523,수강신청데이터베이스0523,JNU0523,2,2026-1,4
200524,성적관리실습0524,JNU0524,3,2026-1,5
200525,교육데이터마이닝0525,JNU0525,1,2026-1,6
200526,대학행정정보처리0526,JNU0526,2,2026-1,7
200527,공개데이터활용0527,JNU0527,3,2026-1,8
200528,SQL최적화0528,JNU0528,1,2026-1,1
200529,전남대공개학과데이터분석0529,JNU0529,2,2026-1,2
200530,학사정보시스템0530,JNU0530,3,2026-1,3
200531,수강신청데이터베이스0531,JNU0531,1,2026-1,4
200532,성적관리실습0532,JNU0532,2,2026-1,5
200533,교육데이터마이닝0533,JNU0533,3,2026-1,6
200534,대학행정정보처리0534,JNU0534,1,2026-1,7
200535,공개데이터활용0535,JNU0535,2,2026-1,8
200536,SQL최적화0536,JNU0536,3,2026-1,1
200537,전남대공개학과데이터분석0537,JNU0537,1,2026-1,2
200538,학사정보시스템0538,JNU0538,2,2026-1,3
200539,수강신청데이터베이스0539,JNU0539,3,2026-1,4
200540,성적관리실습0540,JNU0540,1,2026-1,5
200541,교육데이터마이닝0541,JNU0541,2,2026-1,6
200542,대학행정정보처리0542,JNU0542,3,2026-1,7
200543,공개데이터활용0543,JNU0543,1,2026-1,8
200544,SQL최적화0544,JNU0544,2,2026-1,1
200545,전남대공개학과데이터분석0545,JNU0545,3,2026-1,2
200546,학사정보시스템0546,JNU0546,1,2026-1,3
200547,수강신청데이터베이스0547,JNU0547,2,2026-1,4
200548,성적관리실습0548,JNU0548,3,2026-1,5
200549,교육데이터마이닝0549,JNU0549,1,2026-1,6
200550,대학행정정보처리0550,JNU0550,2,2026-1,7
200551,공개데이터활용0551,JNU0551,3,2026-1,8
200552,SQL최적화0552,JNU0552,1,2026-1,1
200553,전남대공개학과데이터분석0553,JNU0553,2,2026-1,2
200554,학사정보시스템0554,JNU0554,3,2026-1,3
200555,수강신청데이터베이스0555,JNU0555,1,2026-1,4
200556,성적관리실습0556,JNU0556,2,2026-1,5
200557,교육데이터마이닝0557,JNU0557,3,2026-1,6
200558,대학행정정보처리0558,JNU0558,1,2026-1,7
200559,공개데이터활용0559,JNU0559,2,2026-1,8
200560,SQL최적화0560,JNU0560,3,2026-1,1
200561,전남대공개학과데이터분석0561,JNU0561,1,2026-1,2
200562,학사정보시스템0562,JNU0562,2,2026-1,3
200563,수강신청데이터베이스0563,JNU0563,3,2026-1,4
200564,성적관리실습0564,JNU0564,1,2026-1,5
200565,교육데이터마이닝0565,JNU0565,2,2026-1,6
200566,대학행정정보처리0566,JNU0566,3,2026-1,7
200567,공개데이터활용0567,JNU0567,1,2026-1,8
200568,SQL최적화0568,JNU0568,2,2026-1,1
200569,전남대공개학과데이터분석0569,JNU0569,3,2026-1,2
200570,학사정보시스템0570,JNU0570,1,2026-1,3
200571,수강신청데이터베이스0571,JNU0571,2,2026-1,4
200572,성적관리실습0572,JNU0572,3,2026-1,5
200573,교육데이터마이닝0573,JNU0573,1,2026-1,6
200574,대학행정정보처리0574,JNU0574,2,2026-1,7
200575,공개데이터활용0575,JNU0575,3,2026-1,8
200576,SQL최적화0576,JNU0576,1,2026-1,1
200577,전남대공개학과데이터분석0577,JNU0577,2,2026-1,2
200578,학사정보시스템0578,JNU0578,3,2026-1,3
200579,수강신청데이터베이스0579,JNU0579,1,2026-1,4
200580,성적관리실습0580,JNU0580,2,2026-1,5
200581,교육데이터마이닝0581,JNU0581,3,2026-1,6
200582,대학행정정보처리0582,JNU0582,1,2026-1,7
200583,공개데이터활용0583,JNU0583,2,2026-1,8
200584,SQL최적화0584,JNU0584,3,2026-1,1
200585,전남대공개학과데이터분석0585,JNU0585,1,2026-1,2
200586,학사정보시스템0586,JNU0586,2,2026-1,3
200587,수강신청데이터베이스0587,JNU0587,3,2026-1,4
200588,성적관리실습0588,JNU0588,1,2026-1,5
200589,교육데이터마이닝0589,JNU0589,2,2026-1,6
200590,대학행정정보처리0590,JNU0590,3,2026-1,7
200591,공개데이터활용0591,JNU0591,1,2026-1,8
200592,SQL최적화0592,JNU0592,2,2026-1,1
200593,전남대공개학과데이터분석0593,JNU0593,3,2026-1,2
200594,학사정보시스템0594,JNU0594,1,2026-1,3
200595,수강신청데이터베이스0595,JNU0595,2,2026-1,4
200596,성적관리실습0596,JNU0596,3,2026-1,5
200597,교육데이터마이닝0597,JNU0597,1,2026-1,6
200598,대학행정정보처리0598,JNU0598,2,2026-1,7
200599,공개데이터활용0599,JNU0599,3,2026-1,8
200600,SQL최적화0600,JNU0600,1,2026-1,1
200601,전남대공개학과데이터분석0601,JNU0601,2,2026-1,2
200602,학사정보시스템0602,JNU0602,3,2026-1,3
200603,수강신청데이터베이스0603,JNU0603,1,2026-1,4
200604,성적관리실습0604,JNU0604,2,2026-1,5
200605,교육데이터마이닝0605,JNU0605,3,2026-1,6
200606,대학행정정보처리0606,JNU0606,1,2026-1,7
200607,공개데이터활용0607,JNU0607,2,2026-1,8
200608,SQL최적화0608,JNU0608,3,2026-1,1
200609,전남대공개학과데이터분석0609,JNU0609,1,2026-1,2
200610,학사정보시스템0610,JNU0610,2,2026-1,3
200611,수강신청데이터베이스0611,JNU0611,3,2026-1,4
200612,성적관리실습0612,JNU0612,1,2026-1,5
200613,교육데이터마이닝0613,JNU0613,2,2026-1,6
200614,대학행정정보처리0614,JNU0614,3,2026-1,7
200615,공개데이터활용0615,JNU0615,1,2026-1,8
200616,SQL최적화0616,JNU0616,2,2026-1,1
200617,전남대공개학과데이터분석0617,JNU0617,3,2026-1,2
200618,학사정보시스템0618,JNU0618,1,2026-1,3
200619,수강신청데이터베이스0619,JNU0619,2,2026-1,4
200620,성적관리실습0620,JNU0620,3,2026-1,5
200621,교육데이터마이닝0621,JNU0621,1,2026-1,6
200622,대학행정정보처리0622,JNU0622,2,2026-1,7
200623,공개데이터활용0623,JNU0623,3,2026-1,8
200624,SQL최적화0624,JNU0624,1,2026-1,1
200625,전남대공개학과데이터분석0625,JNU0625,2,2026-1,2
200626,학사정보시스템0626,JNU0626,3,2026-1,3
200627,수강신청데이터베이스0627,JNU0627,1,2026-1,4
200628,성적관리실습0628,JNU0628,2,2026-1,5
200629,교육데이터마이닝0629,JNU0629,3,2026-1,6
200630,대학행정정보처리0630,JNU0630,1,2026-1,7
200631,공개데이터활용0631,JNU0631,2,2026-1,8
200632,SQL최적화0632,JNU0632,3,2026-1,1
200633,전남대공개학과데이터분석0633,JNU0633,1,2026-1,2
200634,학사정보시스템0634,JNU0634,2,2026-1,3
200635,수강신청데이터베이스0635,JNU0635,3,2026-1,4
200636,성적관리실습0636,JNU0636,1,2026-1,5
200637,교육데이터마이닝0637,JNU0637,2,2026-1,6
200638,대학행정정보처리0638,JNU0638,3,2026-1,7
200639,공개데이터활용0639,JNU0639,1,2026-1,8
200640,SQL최적화0640,JNU0640,2,2026-1,1
200641,전남대공개학과데이터분석0641,JNU0641,3,2026-1,2
200642,학사정보시스템0642,JNU0642,1,2026-1,3
200643,수강신청데이터베이스0643,JNU0643,2,2026-1,4
200644,성적관리실습0644,JNU0644,3,2026-1,5
200645,교육데이터마이닝0645,JNU0645,1,2026-1,6
200646,대학행정정보처리0646,JNU0646,2,2026-1,7
200647,공개데이터활용0647,JNU0647,3,2026-1,8
200648,SQL최적화0648,JNU0648,1,2026-1,1
200649,전남대공개학과데이터분석0649,JNU0649,2,2026-1,2
200650,학사정보시스템0650,JNU0650,3,2026-1,3
200651,수강신청데이터베이스0651,JNU0651,1,2026-1,4
200652,성적관리실습0652,JNU0652,2,2026-1,5
200653,교육데이터마이닝0653,JNU0653,3,2026-1,6
200654,대학행정정보처리0654,JNU0654,1,2026-1,7
200655,공개데이터활용0655,JNU0655,2,2026-1,8
200656,SQL최적화0656,JNU0656,3,2026-1,1
200657,전남대공개학과데이터분석0657,JNU0657,1,2026-1,2
200658,학사정보시스템0658,JNU0658,2,2026-1,3
200659,수강신청데이터베이스0659,JNU0659,3,2026-1,4
200660,성적관리실습0660,JNU0660,1,2026-1,5
200661,교육데이터마이닝0661,JNU0661,2,2026-1,6
200662,대학행정정보처리0662,JNU0662,3,2026-1,7
200663,공개데이터활용0663,JNU0663,1,2026-1,8
200664,SQL최적화0664,JNU0664,2,2026-1,1
200665,전남대공개학과데이터분석0665,JNU0665,3,2026-1,2
200666,학사정보시스템0666,JNU0666,1,2026-1,3
200667,수강신청데이터베이스0667,JNU0667,2,2026-1,4
200668,성적관리실습0668,JNU0668,3,2026-1,5
200669,교육데이터마이닝0669,JNU0669,1,2026-1,6
200670,대학행정정보처리0670,JNU0670,2,2026-1,7
200671,공개데이터활용0671,JNU0671,3,2026-1,8
200672,SQL최적화0672,JNU0672,1,2026-1,1
200673,전남대공개학과데이터분석0673,JNU0673,2,2026-1,2
200674,학사정보시스템0674,JNU0674,3,2026-1,3
200675,수강신청데이터베이스0675,JNU0675,1,2026-1,4
200676,성적관리실습0676,JNU0676,2,2026-1,5
200677,교육데이터마이닝0677,JNU0677,3,2026-1,6
200678,대학행정정보처리0678,JNU0678,1,2026-1,7
200679,공개데이터활용0679,JNU0679,2,2026-1,8
200680,SQL최적화0680,JNU0680,3,2026-1,1
200681,전남대공개학과데이터분석0681,JNU0681,1,2026-1,2
200682,학사정보시스템0682,JNU0682,2,2026-1,3
200683,수강신청데이터베이스0683,JNU0683,3,2026-1,4
200684,성적관리실습0684,JNU0684,1,2026-1,5
200685,교육데이터마이닝0685,JNU0685,2,2026-1,6
200686,대학행정정보처리0686,JNU0686,3,2026-1,7
200687,공개데이터활용0687,JNU0687,1,2026-1,8
200688,SQL최적화0688,JNU0688,2,2026-1,1
200689,전남대공개학과데이터분석0689,JNU0689,3,2026-1,2
200690,학사정보시스템0690,JNU0690,1,2026-1,3
200691,수강신청데이터베이스0691,JNU0691,2,2026-1,4
200692,성적관리실습0692,JNU0692,3,2026-1,5
200693,교육데이터마이닝0693,JNU0693,1,2026-1,6
200694,대학행정정보처리0694,JNU0694,2,2026-1,7
200695,공개데이터활용0695,JNU0695,3,2026-1,8
200696,SQL최적화0696,JNU0696,1,2026-1,1
200697,전남대공개학과데이터분석0697,JNU0697,2,2026-1,2
200698,학사정보시스템0698,JNU0698,3,2026-1,3
200699,수강신청데이터베이스0699,JNU0699,1,2026-1,4
200700,성적관리실습0700,JNU0700,2,2026-1,5
200701,교육데이터마이닝0701,JNU0701,3,2026-1,6
200702,대학행정정보처리0702,JNU0702,1,2026-1,7
200703,공개데이터활용0703,JNU0703,2,2026-1,8
200704,SQL최적화0704,JNU0704,3,2026-1,1
200705,전남대공개학과데이터분석0705,JNU0705,1,2026-1,2
200706,학사정보시스템0706,JNU0706,2,2026-1,3
200707,수강신청데이터베이스0707,JNU0707,3,2026-1,4
200708,성적관리실습0708,JNU0708,1,2026-1,5
200709,교육데이터마이닝0709,JNU0709,2,2026-1,6
200710,대학행정정보처리0710,JNU0710,3,2026-1,7
200711,공개데이터활용0711,JNU0711,1,2026-1,8
200712,SQL최적화0712,JNU0712,2,2026-1,1
200713,전남대공개학과데이터분석0713,JNU0713,3,2026-1,2
200714,학사정보시스템0714,JNU0714,1,2026-1,3
200715,수강신청데이터베이스0715,JNU0715,2,2026-1,4
200716,성적관리실습0716,JNU0716,3,2026-1,5
200717,교육데이터마이닝0717,JNU0717,1,2026-1,6
200718,대학행정정보처리0718,JNU0718,2,2026-1,7
200719,공개데이터활용0719,JNU0719,3,2026-1,8
200720,SQL최적화0720,JNU0720,1,2026-1,1
200721,전남대공개학과데이터분석0721,JNU0721,2,2026-1,2
200722,학사정보시스템0722,JNU0722,3,2026-1,3
200723,수강신청데이터베이스0723,JNU0723,1,2026-1,4
200724,성적관리실습0724,JNU0724,2,2026-1,5
200725,교육데이터마이닝0725,JNU0725,3,2026-1,6
200726,대학행정정보처리0726,JNU0726,1,2026-1,7
200727,공개데이터활용0727,JNU0727,2,2026-1,8
200728,SQL최적화0728,JNU0728,3,2026-1,1
200729,전남대공개학과데이터분석0729,JNU0729,1,2026-1,2
200730,학사정보시스템0730,JNU0730,2,2026-1,3
200731,수강신청데이터베이스0731,JNU0731,3,2026-1,4
200732,성적관리실습0732,JNU0732,1,2026-1,5
200733,교육데이터마이닝0733,JNU0733,2,2026-1,6
200734,대학행정정보처리0734,JNU0734,3,2026-1,7
200735,공개데이터활용0735,JNU0735,1,2026-1,8
200736,SQL최적화0736,JNU0736,2,2026-1,1
200737,전남대공개학과데이터분석0737,JNU0737,3,2026-1,2
200738,학사정보시스템0738,JNU0738,1,2026-1,3
200739,수강신청데이터베이스0739,JNU0739,2,2026-1,4
200740,성적관리실습0740,JNU0740,3,2026-1,5
200741,교육데이터마이닝0741,JNU0741,1,2026-1,6
200742,대학행정정보처리0742,JNU0742,2,2026-1,7
200743,공개데이터활용0743,JNU0743,3,2026-1,8
200744,SQL최적화0744,JNU0744,1,2026-1,1
200745,전남대공개학과데이터분석0745,JNU0745,2,2026-1,2
200746,학사정보시스템0746,JNU0746,3,2026-1,3
200747,수강신청데이터베이스0747,JNU0747,1,2026-1,4
200748,성적관리실습0748,JNU0748,2,2026-1,5
200749,교육데이터마이닝0749,JNU0749,3,2026-1,6
200750,대학행정정보처리0750,JNU0750,1,2026-1,7
200751,공개데이터활용0751,JNU0751,2,2026-1,8
200752,SQL최적화0752,JNU0752,3,2026-1,1
200753,전남대공개학과데이터분석0753,JNU0753,1,2026-1,2
200754,학사정보시스템0754,JNU0754,2,2026-1,3
200755,수강신청데이터베이스0755,JNU0755,3,2026-1,4
200756,성적관리실습0756,JNU0756,1,2026-1,5
200757,교육데이터마이닝0757,JNU0757,2,2026-1,6
200758,대학행정정보처리0758,JNU0758,3,2026-1,7
200759,공개데이터활용0759,JNU0759,1,2026-1,8
200760,SQL최적화0760,JNU0760,2,2026-1,1
200761,전남대공개학과데이터분석0761,JNU0761,3,2026-1,2
200762,학사정보시스템0762,JNU0762,1,2026-1,3
200763,수강신청데이터베이스0763,JNU0763,2,2026-1,4
200764,성적관리실습0764,JNU0764,3,2026-1,5
200765,교육데이터마이닝0765,JNU0765,1,2026-1,6
200766,대학행정정보처리0766,JNU0766,2,2026-1,7
200767,공개데이터활용0767,JNU0767,3,2026-1,8
200768,SQL최적화0768,JNU0768,1,2026-1,1
200769,전남대공개학과데이터분석0769,JNU0769,2,2026-1,2
200770,학사정보시스템0770,JNU0770,3,2026-1,3
200771,수강신청데이터베이스0771,JNU0771,1,2026-1,4
200772,성적관리실습0772,JNU0772,2,2026-1,5
200773,교육데이터마이닝0773,JNU0773,3,2026-1,6
200774,대학행정정보처리0774,JNU0774,1,2026-1,7
200775,공개데이터활용0775,JNU0775,2,2026-1,8
200776,SQL최적화0776,JNU0776,3,2026-1,1
200777,전남대공개학과데이터분석0777,JNU0777,1,2026-1,2
200778,학사정보시스템0778,JNU0778,2,2026-1,3
200779,수강신청데이터베이스0779,JNU0779,3,2026-1,4
200780,성적관리실습0780,JNU0780,1,2026-1,5
200781,교육데이터마이닝0781,JNU0781,2,2026-1,6
200782,대학행정정보처리0782,JNU0782,3,2026-1,7
200783,공개데이터활용0783,JNU0783,1,2026-1,8
200784,SQL최적화0784,JNU0784,2,2026-1,1
200785,전남대공개학과데이터분석0785,JNU0785,3,2026-1,2
200786,학사정보시스템0786,JNU0786,1,2026-1,3
200787,수강신청데이터베이스0787,JNU0787,2,2026-1,4
200788,성적관리실습0788,JNU0788,3,2026-1,5
200789,교육데이터마이닝0789,JNU0789,1,2026-1,6
200790,대학행정정보처리0790,JNU0790,2,2026-1,7
200791,공개데이터활용0791,JNU0791,3,2026-1,8
200792,SQL최적화0792,JNU0792,1,2026-1,1
200793,전남대공개학과데이터분석0793,JNU0793,2,2026-1,2
200794,학사정보시스템0794,JNU0794,3,2026-1,3
200795,수강신청데이터베이스0795,JNU0795,1,2026-1,4
200796,성적관리실습0796,JNU0796,2,2026-1,5
200797,교육데이터마이닝0797,JNU0797,3,2026-1,6
200798,대학행정정보처리0798,JNU0798,1,2026-1,7
200799,공개데이터활용0799,JNU0799,2,2026-1,8
200800,SQL최적화0800,JNU0800,3,2026-1,1
200801,전남대공개학과데이터분석0801,JNU0801,1,2026-1,2
200802,학사정보시스템0802,JNU0802,2,2026-1,3
200803,수강신청데이터베이스0803,JNU0803,3,2026-1,4
200804,성적관리실습0804,JNU0804,1,2026-1,5
200805,교육데이터마이닝0805,JNU0805,2,2026-1,6
200806,대학행정정보처리0806,JNU0806,3,2026-1,7
200807,공개데이터활용0807,JNU0807,1,2026-1,8
200808,SQL최적화0808,JNU0808,2,2026-1,1
200809,전남대공개학과데이터분석0809,JNU0809,3,2026-1,2
200810,학사정보시스템0810,JNU0810,1,2026-1,3
200811,수강신청데이터베이스0811,JNU0811,2,2026-1,4
200812,성적관리실습0812,JNU0812,3,2026-1,5
200813,교육데이터마이닝0813,JNU0813,1,2026-1,6
200814,대학행정정보처리0814,JNU0814,2,2026-1,7
200815,공개데이터활용0815,JNU0815,3,2026-1,8
200816,SQL최적화0816,JNU0816,1,2026-1,1
200817,전남대공개학과데이터분석0817,JNU0817,2,2026-1,2
200818,학사정보시스템0818,JNU0818,3,2026-1,3
200819,수강신청데이터베이스0819,JNU0819,1,2026-1,4
200820,성적관리실습0820,JNU0820,2,2026-1,5
200821,교육데이터마이닝0821,JNU0821,3,2026-1,6
200822,대학행정정보처리0822,JNU0822,1,2026-1,7
200823,공개데이터활용0823,JNU0823,2,2026-1,8
200824,SQL최적화0824,JNU0824,3,2026-1,1
200825,전남대공개학과데이터분석0825,JNU0825,1,2026-1,2
200826,학사정보시스템0826,JNU0826,2,2026-1,3
200827,수강신청데이터베이스0827,JNU0827,3,2026-1,4
200828,성적관리실습0828,JNU0828,1,2026-1,5
200829,교육데이터마이닝0829,JNU0829,2,2026-1,6
200830,대학행정정보처리0830,JNU0830,3,2026-1,7
200831,공개데이터활용0831,JNU0831,1,2026-1,8
200832,SQL최적화0832,JNU0832,2,2026-1,1
200833,전남대공개학과데이터분석0833,JNU0833,3,2026-1,2
200834,학사정보시스템0834,JNU0834,1,2026-1,3
200835,수강신청데이터베이스0835,JNU0835,2,2026-1,4
200836,성적관리실습0836,JNU0836,3,2026-1,5
200837,교육데이터마이닝0837,JNU0837,1,2026-1,6
200838,대학행정정보처리0838,JNU0838,2,2026-1,7
200839,공개데이터활용0839,JNU0839,3,2026-1,8
200840,SQL최적화0840,JNU0840,1,2026-1,1
200841,전남대공개학과데이터분석0841,JNU0841,2,2026-1,2
200842,학사정보시스템0842,JNU0842,3,2026-1,3
200843,수강신청데이터베이스0843,JNU0843,1,2026-1,4
200844,성적관리실습0844,JNU0844,2,2026-1,5
200845,교육데이터마이닝0845,JNU0845,3,2026-1,6
200846,대학행정정보처리0846,JNU0846,1,2026-1,7
200847,공개데이터활용0847,JNU0847,2,2026-1,8
200848,SQL최적화0848,JNU0848,3,2026-1,1
200849,전남대공개학과데이터분석0849,JNU0849,1,2026-1,2
200850,학사정보시스템0850,JNU0850,2,2026-1,3
200851,수강신청데이터베이스0851,JNU0851,3,2026-1,4
200852,성적관리실습0852,JNU0852,1,2026-1,5
200853,교육데이터마이닝0853,JNU0853,2,2026-1,6
200854,대학행정정보처리0854,JNU0854,3,2026-1,7
200855,공개데이터활용0855,JNU0855,1,2026-1,8
200856,SQL최적화0856,JNU0856,2,2026-1,1
200857,전남대공개학과데이터분석0857,JNU0857,3,2026-1,2
200858,학사정보시스템0858,JNU0858,1,2026-1,3
200859,수강신청데이터베이스0859,JNU0859,2,2026-1,4
200860,성적관리실습0860,JNU0860,3,2026-1,5
200861,교육데이터마이닝0861,JNU0861,1,2026-1,6
200862,대학행정정보처리0862,JNU0862,2,2026-1,7
200863,공개데이터활용0863,JNU0863,3,2026-1,8
200864,SQL최적화0864,JNU0864,1,2026-1,1
200865,전남대공개학과데이터분석0865,JNU0865,2,2026-1,2
200866,학사정보시스템0866,JNU0866,3,2026-1,3
200867,수강신청데이터베이스0867,JNU0867,1,2026-1,4
200868,성적관리실습0868,JNU0868,2,2026-1,5
200869,교육데이터마이닝0869,JNU0869,3,2026-1,6
200870,대학행정정보처리0870,JNU0870,1,2026-1,7
200871,공개데이터활용0871,JNU0871,2,2026-1,8
200872,SQL최적화0872,JNU0872,3,2026-1,1
200873,전남대공개학과데이터분석0873,JNU0873,1,2026-1,2
200874,학사정보시스템0874,JNU0874,2,2026-1,3
200875,수강신청데이터베이스0875,JNU0875,3,2026-1,4
200876,성적관리실습0876,JNU0876,1,2026-1,5
200877,교육데이터마이닝0877,JNU0877,2,2026-1,6
200878,대학행정정보처리0878,JNU0878,3,2026-1,7
200879,공개데이터활용0879,JNU0879,1,2026-1,8
200880,SQL최적화0880,JNU0880,2,2026-1,1
200881,전남대공개학과데이터분석0881,JNU0881,3,2026-1,2
200882,학사정보시스템0882,JNU0882,1,2026-1,3
200883,수강신청데이터베이스0883,JNU0883,2,2026-1,4
200884,성적관리실습0884,JNU0884,3,2026-1,5
200885,교육데이터마이닝0885,JNU0885,1,2026-1,6
200886,대학행정정보처리0886,JNU0886,2,2026-1,7
200887,공개데이터활용0887,JNU0887,3,2026-1,8
200888,SQL최적화0888,JNU0888,1,2026-1,1
200889,전남대공개학과데이터분석0889,JNU0889,2,2026-1,2
200890,학사정보시스템0890,JNU0890,3,2026-1,3
200891,수강신청데이터베이스0891,JNU0891,1,2026-1,4
200892,성적관리실습0892,JNU0892,2,2026-1,5
200893,교육데이터마이닝0893,JNU0893,3,2026-1,6
200894,대학행정정보처리0894,JNU0894,1,2026-1,7
200895,공개데이터활용0895,JNU0895,2,2026-1,8
200896,SQL최적화0896,JNU0896,3,2026-1,1
200897,전남대공개학과데이터분석0897,JNU0897,1,2026-1,2
200898,학사정보시스템0898,JNU0898,2,2026-1,3
200899,수강신청데이터베이스0899,JNU0899,3,2026-1,4
200900,성적관리실습0900,JNU0900,1,2026-1,5
200901,교육데이터마이닝0901,JNU0901,2,2026-1,6
200902,대학행정정보처리0902,JNU0902,3,2026-1,7
200903,공개데이터활용0903,JNU0903,1,2026-1,8
200904,SQL최적화0904,JNU0904,2,2026-1,1
200905,전남대공개학과데이터분석0905,JNU0905,3,2026-1,2
200906,학사정보시스템0906,JNU0906,1,2026-1,3
200907,수강신청데이터베이스0907,JNU0907,2,2026-1,4
200908,성적관리실습0908,JNU0908,3,2026-1,5
200909,교육데이터마이닝0909,JNU0909,1,2026-1,6
200910,대학행정정보처리0910,JNU0910,2,2026-1,7
200911,공개데이터활용0911,JNU0911,3,2026-1,8
200912,SQL최적화0912,JNU0912,1,2026-1,1
200913,전남대공개학과데이터분석0913,JNU0913,2,2026-1,2
200914,학사정보시스템0914,JNU0914,3,2026-1,3
200915,수강신청데이터베이스0915,JNU0915,1,2026-1,4
200916,성적관리실습0916,JNU0916,2,2026-1,5
200917,교육데이터마이닝0917,JNU0917,3,2026-1,6
200918,대학행정정보처리0918,JNU0918,1,2026-1,7
200919,공개데이터활용0919,JNU0919,2,2026-1,8
200920,SQL최적화0920,JNU0920,3,2026-1,1
200921,전남대공개학과데이터분석0921,JNU0921,1,2026-1,2
200922,학사정보시스템0922,JNU0922,2,2026-1,3
200923,수강신청데이터베이스0923,JNU0923,3,2026-1,4
200924,성적관리실습0924,JNU0924,1,2026-1,5
200925,교육데이터마이닝0925,JNU0925,2,2026-1,6
200926,대학행정정보처리0926,JNU0926,3,2026-1,7
200927,공개데이터활용0927,JNU0927,1,2026-1,8
200928,SQL최적화0928,JNU0928,2,2026-1,1
200929,전남대공개학과데이터분석0929,JNU0929,3,2026-1,2
200930,학사정보시스템0930,JNU0930,1,2026-1,3
200931,수강신청데이터베이스0931,JNU0931,2,2026-1,4
200932,성적관리실습0932,JNU0932,3,2026-1,5
200933,교육데이터마이닝0933,JNU0933,1,2026-1,6
200934,대학행정정보처리0934,JNU0934,2,2026-1,7
200935,공개데이터활용0935,JNU0935,3,2026-1,8
200936,SQL최적화0936,JNU0936,1,2026-1,1
200937,전남대공개학과데이터분석0937,JNU0937,2,2026-1,2
200938,학사정보시스템0938,JNU0938,3,2026-1,3
200939,수강신청데이터베이스0939,JNU0939,1,2026-1,4
200940,성적관리실습0940,JNU0940,2,2026-1,5
200941,교육데이터마이닝0941,JNU0941,3,2026-1,6
200942,대학행정정보처리0942,JNU0942,1,2026-1,7
200943,공개데이터활용0943,JNU0943,2,2026-1,8
200944,SQL최적화0944,JNU0944,3,2026-1,1
200945,전남대공개학과데이터분석0945,JNU0945,1,2026-1,2
200946,학사정보시스템0946,JNU0946,2,2026-1,3
200947,수강신청데이터베이스0947,JNU0947,3,2026-1,4
200948,성적관리실습0948,JNU0948,1,2026-1,5
200949,교육데이터마이닝0949,JNU0949,2,2026-1,6
200950,대학행정정보처리0950,JNU0950,3,2026-1,7
200951,공개데이터활용0951,JNU0951,1,2026-1,8
200952,SQL최적화0952,JNU0952,2,2026-1,1
200953,전남대공개학과데이터분석0953,JNU0953,3,2026-1,2
200954,학사정보시스템0954,JNU0954,1,2026-1,3
200955,수강신청데이터베이스0955,JNU0955,2,2026-1,4
200956,성적관리실습0956,JNU0956,3,2026-1,5
200957,교육데이터마이닝0957,JNU0957,1,2026-1,6
200958,대학행정정보처리0958,JNU0958,2,2026-1,7
200959,공개데이터활용0959,JNU0959,3,2026-1,8
200960,SQL최적화0960,JNU0960,1,2026-1,1
200961,전남대공개학과데이터분석0961,JNU0961,2,2026-1,2
200962,학사정보시스템0962,JNU0962,3,2026-1,3
200963,수강신청데이터베이스0963,JNU0963,1,2026-1,4
200964,성적관리실습0964,JNU0964,2,2026-1,5
200965,교육데이터마이닝0965,JNU0965,3,2026-1,6
200966,대학행정정보처리0966,JNU0966,1,2026-1,7
200967,공개데이터활용0967,JNU0967,2,2026-1,8
200968,SQL최적화0968,JNU0968,3,2026-1,1
200969,전남대공개학과데이터분석0969,JNU0969,1,2026-1,2
200970,학사정보시스템0970,JNU0970,2,2026-1,3
200971,수강신청데이터베이스0971,JNU0971,3,2026-1,4
200972,성적관리실습0972,JNU0972,1,2026-1,5
200973,교육데이터마이닝0973,JNU0973,2,2026-1,6
200974,대학행정정보처리0974,JNU0974,3,2026-1,7
200975,공개데이터활용0975,JNU0975,1,2026-1,8
200976,SQL최적화0976,JNU0976,2,2026-1,1
200977,전남대공개학과데이터분석0977,JNU0977,3,2026-1,2
200978,학사정보시스템0978,JNU0978,1,2026-1,3
200979,수강신청데이터베이스0979,JNU0979,2,2026-1,4
200980,성적관리실습0980,JNU0980,3,2026-1,5
200981,교육데이터마이닝0981,JNU0981,1,2026-1,6
200982,대학행정정보처리0982,JNU0982,2,2026-1,7
200983,공개데이터활용0983,JNU0983,3,2026-1,8
200984,SQL최적화0984,JNU0984,1,2026-1,1
200985,전남대공개학과데이터분석0985,JNU0985,2,2026-1,2
200986,학사정보시스템0986,JNU0986,3,2026-1,3
200987,수강신청데이터베이스0987,JNU0987,1,2026-1,4
200988,성적관리실습0988,JNU0988,2,2026-1,5
200989,교육데이터마이닝0989,JNU0989,3,2026-1,6
200990,대학행정정보처리0990,JNU0990,1,2026-1,7
200991,공개데이터활용0991,JNU0991,2,2026-1,8
200992,SQL최적화0992,JNU0992,3,2026-1,1
200993,전남대공개학과데이터분석0993,JNU0993,1,2026-1,2
200994,학사정보시스템0994,JNU0994,2,2026-1,3
200995,수강신청데이터베이스0995,JNU0995,3,2026-1,4
200996,성적관리실습0996,JNU0996,1,2026-1,5
200997,교육데이터마이닝0997,JNU0997,2,2026-1,6
200998,대학행정정보처리0998,JNU0998,3,2026-1,7
200999,공개데이터활용0999,JNU0999,1,2026-1,8
201000,SQL최적화1000,JNU1000,2,2026-1,1
